manufacturer,phonename,releasedate,os,batsize,battype,scrsize,scrtype,nettech,chipset,cpu,gpu,internal,maincammodule,maincamvid,selfcammodule,selfcamvid,price
Benefon,Benefon TWIG Discovery Pro,Cancelled,Feature phone,1350,,176x220,"TFT, 256K colors",GSM,Na,Na,Na,10MB,No,Na,Na,Na,Na
Benefon,Benefon TWIG Discovery,"2006, June",Feature phone,1000,,176x220,"TFT, 256K colors",GSM,Na,Na,Na,Na,No,Na,Na,Na,Na
Benefon,Benefon Q,2000,Feature phone,620,,"100x48 pixels, 6 lin",Monochrome graphic,GSM,Na,Na,Na,Na,No,Na,Na,Na,Na
Benefon,Benefon Track,2000,Feature phone,700,,"100x48 pixels, 5 lin",Monochrome graphic,GSM,Na,Na,Na,Na,No,Na,Na,Na,Na
Benefon,Benefon Twin+,2000,Feature phone,650,,"100x48 pixels, 6 lin",Monochrome graphic,GSM,Na,Na,Na,Na,No,Na,Na,Na,Na
Benefon,Benefon Twin,2000,"Android 2.3, Sense UI 3.5",650,,"100x48 pixels, 6 lin",Monochrome graphic,GSM,Na,Na,Na,Na,No,Na,Na,Na,Na
Benefon,Benefon Esc!,1999,Feature phone,700,,"100x160 pixels, 20 lin",Monochrome graphic,GSM,Na,Na,Na,Na,No,Na,Na,Na,Na
Benefon,Benefon iO,1999,Feature phone,700,,6 lin,Monochrome graphic,GSM,Na,Na,Na,Na,No,Na,Na,Na,Na
Benefon,Benefon Vega,1999,Feature phone,700,,6 lin,Monochrome graphic,GSM,Na,Na,Na,Na,No,Na,Na,Na,Na
